<?xml version="1.0" encoding="UTF-8"?>
<fixture>
    <date>2023-06-18</date>
    <stadiumName>De Kuip</stadiumName>
    <spectators>41110</spectators>
    <referee>Filip Zwayer</referee>
    <homeClub>Hrvatska</homeClub>
    <awayClub>Španjolska</awayClub>
    <result>
        <homeScore>0</homeScore>
        <awayScore>1</awayScore>
    </result>
    <startingElevenHome>
        <player>Dominik Livakoić</player>
        <player>Josip Juranović</player>
        <player>Josip Šutalo</player>
        <player>Mate Erlić</player>
        <player>Ivan Perišić</player>
        <player>Luka Modrić</player>
        <player>Marcelo Brozović</player>
        <player>Mateo Kovačić</player>
        <player>Mario Pašalić</player>
        <player>Andrej Kramarić</player>
        <player>Luka Ivanušec</player>
    </startingElevenHome>
    <startingElevenAway>
        <player>Unai Simon</player>
        <player>Jesus Navas</player>
        <player>Robin Le Normand</player>
        <player>Aymeric Laporte</player>
        <player>Jordi Alba</player>
        <player>Rodri</player>
        <player>Fabian Ruiz</player>
        <player>Marco Asensio</player>
        <player>Gavi</player>
        <player>Yeremy Pino</player>
        <player>Alvaro Morata</player>
    </startingElevenAway>
    <coaches>
        <homeCoach>Zlatko Dalić</homeCoach>
        <awayCoach>Luis de la Fuente</awayCoach>
    </coaches>
</fixture>