<?xml version="1.0" encoding="UTF-8"?>

<listaStrijelaca>
    <strijelac>
        <mjesto>1</mjesto>
        <ime>Batshuayi M.</ime>
        <brojGolova>3</brojGolova>
        <klub>../slike/grbovi/belgija.png</klub>
    </strijelac>
    <strijelac>
        <mjesto>2</mjesto>
        <ime>Depay M.</ime>
        <brojGolova>3</brojGolova>
        <klub>../slike/grbovi/nizozemska.png</klub>
    </strijelac>
    <strijelac>
        <mjesto>3</mjesto>
        <ime>Modrić L.</ime>
        <brojGolova>3</brojGolova>
        <klub>../slike/grbovi/hrvatska.png</klub>
    </strijelac>
    <strijelac>
        <mjesto>4</mjesto>
        <ime>Bergwijn S.</ime>
        <brojGolova>3</brojGolova>
        <klub>../slike/grbovi/nizozemska.png</klub>
    </strijelac>
    <strijelac>
        <mjesto>5</mjesto>
        <ime>Dimarco F.</ime>
        <brojGolova>2</brojGolova>
        <klub>../slike/grbovi/italija.png</klub>
    </strijelac>

    <asistent>
        <mjesto>1</mjesto>
        <ime>Batshuayi M.</ime>
        <brojAsistencija>3</brojAsistencija>
        <klub>../slike/grbovi/belgija.png</klub>
    </asistent>
    <asistent>
        <mjesto>2</mjesto>
        <ime>Asensio M.</ime>
        <brojAsistencija>3</brojAsistencija>
        <klub>../slike/grbovi/spanjolska.png</klub>
    </asistent>
    <asistent>
        <mjesto>3</mjesto>
        <ime>Blind D.</ime>
        <brojAsistencija>3</brojAsistencija>
        <klub>../slike/grbovi/nizozemska.png</klub>
    </asistent>
    <asistent>
        <mjesto>4</mjesto>
        <ime>Gnabry S.</ime>
        <brojAsistencija>3</brojAsistencija>
        <klub>../slike/grbovi/njemacka.png</klub>
    </asistent>
    <asistent>
        <mjesto>5</mjesto>
        <ime>Maehle J.</ime>
        <brojAsistencija>3</brojAsistencija>
        <klub>../slike/grbovi/danska.png</klub>
    </asistent>
</listaStrijelaca>
